|lambda|,multiplicity,closed_form,ratio_to_min
0.4721359549995794,72,2/φ³,1.0
0.7082039324993691,32,3/φ³,1.5
1.0,96,1,2.118033988749895
2.0,120,2,4.23606797749979
2.2917960675006306,8,12-6φ,4.854101966249685
3.0,80,3,6.354101966249685
3.23606797749979,24,2φ,6.854101966249686
4.23606797749979,48,2φ+1,7.354101966249686
