{
  "metadata": {
    "construction": "2I-twisted graph Dirac on 600-cell",
    "hilbert_space": "C^120 tensor C^4 = C^480",
    "n_vertices": 120,
    "n_spinor": 4,
    "dim_DF": 480,
    "adjacency_dist2": 0.3819660112501051,
    "total_edges": 720,
    "hermiticity_check": "passed"
  },
  "spectrum": {
    "eigenvalues": [
      -12.000000000000021,
      -12.000000000000014,
      -10.161162511986323,
      -10.161162511986314,
      -9.759570871457278,
      -9.759570871457246,
      -9.759570871457235,
      -9.759570871457228,
      -9.75957087145722,
      -9.759570871457216,
      -6.472135954999592,
      -6.4721359549995885,
      -6.472135954999586,
      -6.472135954999586,
      -6.472135954999583,
      -6.472135954999583,
      -6.472135954999581,
      -6.47213595499958,
      -6.472135954999578,
      -6.472135954999578,
      -6.472135954999575,
      -6.472135954999573,
      -6.472135954999573,
      -6.472135954999573,
      -6.4721359549995725,
      -6.4721359549995725,
      -6.472135954999571,
      -6.472135954999558,
      -4.7697773957495935,
      -4.769777395749592,
      -4.242640687119289,
      -4.2426406871192865,
      -4.2426406871192865,
      -4.242640687119286,
      -4.242640687119285,
      -4.242640687119283,
      -4.242640687119282,
      -4.242640687119281,
      -3.84067395192612,
      -3.8406739519261186,
      -3.840673951926118,
      -3.8406739519261177,
      -3.840673951926117,
      -3.8406739519261146,
      -3.605551275463993,
      -3.605551275463992,
      -3.605551275463992,
      -3.605551275463991,
      -3.60555127546399,
      -3.60555127546399,
      -3.6055512754639896,
      -3.6055512754639896,
      -3.605551275463989,
      -3.605551275463989,
      -3.605551275463989,
      -3.605551275463989,
      -3.6055512754639887,
      -3.6055512754639882,
      -3.6055512754639882,
      -3.6055512754639882,
      -3.605551275463988,
      -3.6055512754639873,
      -3.162277660168385,
      -3.162277660168384,
      -3.162277660168383,
      -3.1622776601683826,
      -3.1622776601683826,
      -3.1622776601683826,
      -3.162277660168382,
      -3.1622776601683817,
      -3.162277660168381,
      -3.1622776601683804,
      -3.1622776601683804,
      -3.1622776601683804,
      -3.1622776601683804,
      -3.1622776601683804,
      -3.16227766016838,
      -3.1622776601683795,
      -3.1622776601683795,
      -3.162277660168379,
      -3.1622776601683786,
      -3.1622776601683786,
      -3.1622776601683786,
      -3.162277660168378,
      -3.162277660168378,
      -3.1622776601683764,
      -3.000000000000007,
      -3.0000000000000067,
      -3.000000000000004,
      -3.0000000000000036,
      -3.0000000000000036,
      -3.0000000000000036,
      -3.000000000000003,
      -3.0000000000000018,
      -3.0000000000000018,
      -3.0000000000000018,
      -3.0000000000000013,
      -3.000000000000001,
      -3.0000000000000004,
      -3.0000000000000004,
      -3.0000000000000004,
      -3.0,
      -3.0,
      -2.9999999999999996,
      -2.999999999999999,
      -2.999999999999999,
      -2.9999999999999987,
      -2.9999999999999987,
      -2.9999999999999982,
      -2.9999999999999982,
      -2.9999999999999982,
      -2.999999999999998,
      -2.999999999999998,
      -2.9999999999999973,
      -2.999999999999997,
      -2.9999999999999964,
      -2.999999999999995,
      -2.9999999999999902,
      -2.4721359549995903,
      -2.4721359549995867,
      -2.472135954999582,
      -2.472135954999582,
      -2.4721359549995814,
      -2.472135954999581,
      -2.4721359549995805,
      -2.47213595499958,
      -2.472135954999579,
      -2.472135954999579,
      -2.4721359549995787,
      -2.4721359549995787,
      -2.4721359549995783,
      -2.472135954999577,
      -2.472135954999575,
      -2.472135954999575,
      -2.472135954999574,
      -2.472135954999568,
      -2.236067977499799,
      -2.236067977499799,
      -2.2360679774997987,
      -2.2360679774997987,
      -2.236067977499798,
      -2.236067977499797,
      -2.236067977499796,
      -2.236067977499795,
      -2.2360679774997947,
      -2.2360679774997947,
      -2.2360679774997947,
      -2.2360679774997942,
      -2.236067977499794,
      -2.236067977499794,
      -2.236067977499794,
      -2.236067977499794,
      -2.2360679774997934,
      -2.2360679774997934,
      -2.236067977499793,
      -2.2360679774997925,
      -2.2360679774997925,
      -2.2360679774997925,
      -2.236067977499792,
      -2.2360679774997916,
      -2.236067977499791,
      -2.236067977499791,
      -2.236067977499791,
      -2.2360679774997907,
      -2.2360679774997894,
      -2.2360679774997894,
      -2.2360679774997894,
      -2.2360679774997885,
      -2.2360679774997885,
      -2.236067977499788,
      -2.236067977499788,
      -2.236067977499788,
      -2.2360679774997876,
      -2.236067977499787,
      -2.236067977499787,
      -2.2360679774997863,
      -2.2360679774997863,
      -2.236067977499785,
      -2.2360679774997845,
      -2.236067977499784,
      -2.236067977499784,
      -2.236067977499784,
      -2.2360679774997836,
      -2.236067977499783,
      -2.2360679774997827,
      -2.2360679774997823,
      -2.2360679774997823,
      -2.236067977499782,
      -2.2360679774997814,
      -2.2360679774997805,
      -1.619474689300085e-14,
      -1.0231799902757492e-14,
      -8.349496183026013e-15,
      -8.016402562767685e-15,
      -7.946023495712673e-15,
      -7.766468068485384e-15,
      -6.576908579732338e-15,
      -5.897356227705081e-15,
      -5.831165967592689e-15,
      -5.757738719986327e-15,
      -5.417200948198905e-15,
      -4.4812460060554185e-15,
      -4.2576106351231665e-15,
      -4.1249072764728206e-15,
      -3.802169390581041e-15,
      -3.797337495325472e-15,
      -3.4660250774494562e-15,
      -3.0060451578087602e-15,
      -2.977268715661917e-15,
      -2.9726214610721995e-15,
      -2.9413873420481077e-15,
      -2.7032962313335404e-15,
      -2.5314095634974932e-15,
      -2.4646957877080052e-15,
      -2.30041238049469e-15,
      -2.1585891769735793e-15,
      -2.127972620264841e-15,
      -2.1003193779687706e-15,
      -2.072524708125283e-15,
      -2.0572805705655317e-15,
      -1.7423719069892118e-15,
      -1.5720780264455218e-15,
      -1.4943151414625283e-15,
      -1.3851564688830036e-15,
      -1.32410787807445e-15,
      -1.2107202683545971e-15,
      -1.0767851393473884e-15,
      -9.885592493865344e-16,
      -6.571868014562228e-16,
      -5.640875874570982e-16,
      -4.249362697302384e-16,
      -4.16869307540179e-16,
      -3.900046076937112e-16,
      -2.3895051051355207e-16,
      -1.2593098601678356e-16,
      -1.1314872401246355e-16,
      -1.0659239172287374e-16,
      -8.227971695963446e-17,
      -2.069852540491213e-17,
      7.047533197497185e-17,
      9.902931165657084e-17,
      1.3775555143390523e-16,
      1.4911597340749982e-16,
      2.2763435588844406e-16,
      3.0548341688089123e-16,
      3.388428915741632e-16,
      5.011647373495053e-16,
      7.260978834783044e-16,
      7.682409432232103e-16,
      9.274327587538389e-16,
      1.017055134646351e-15,
      1.0907071307677747e-15,
      1.130539455250585e-15,
      1.1314493657793612e-15,
      1.2402713915305932e-15,
      1.5210061886671325e-15,
      1.8042944421829232e-15,
      2.118168989873732e-15,
      2.3725716746030668e-15,
      2.406559207453314e-15,
      2.4305849214997264e-15,
      2.4431542554341077e-15,
      2.6232928126815034e-15,
      2.726860294992239e-15,
      2.7440621098738334e-15,
      2.8323245082018955e-15,
      2.9371097641475326e-15,
      2.945520844142332e-15,
      3.0294282995467536e-15,
      3.1100006092439588e-15,
      3.2947994150166315e-15,
      3.927553505670648e-15,
      4.043075551046853e-15,
      4.243630020248663e-15,
      4.799954983299055e-15,
      5.0158722665626045e-15,
      5.680549604384029e-15,
      6.123172642763897e-15,
      6.311867180767602e-15,
