{
  "E8": {
    "name": "E8",
    "n_vertices": 20,
    "n_interior": 8,
    "n_boundary": 12,
    "n_edges": 133,
    "n_triangles": 344,
    "n_tetrahedra": 370,
    "n_4simplices": 140,
    "dim_H0": 1,
    "dim_H1": 0,
    "dim_H2": 0,
    "dim_H3": 0,
    "dim_H4": 0,
    "rank_d0": 19,
    "rank_d1": 114,
    "rank_d2": 230,
    "rank_d3": 140,
    "betti_check": [
      1,
      0,
      0,
      0,
      0
    ],
    "spectra": {
      "Delta0": {
        "smallest_10": [
          0.0,
          10.76393202,
          10.76393202,
          10.76393202,
          12.19806226,
          12.4915188,
          13.32035681,
          13.55495813,
          14.0,
          14.0
        ],
        "largest_3": [
          15.2469796,
          16.36233983,
          20.0
        ]
      },
      "Delta1": {
        "smallest_10": [
          2.96199429,
          2.96199429,
          2.96199429,
          3.25545082,
          3.25545082,
          3.25545082,
          4.08428884,
          4.08428884,
          4.08428884,
          4.31889015
        ],
        "largest_3": [
          16.36233983,
          16.36233983,
          20.0
        ]
      },
      "Delta2": {
        "smallest_10": [
          0.96199429,
          0.96199429,
          0.96199429,
          1.25545082,
          1.25545082,
          1.25545082,
          2.08428884,
          2.08428884,
          2.08428884,
          2.19806226
        ],
        "largest_3": [
          15.23606798,
          15.2469796,
          16.36233983
        ]
      },
      "Delta3": {
        "smallest_10": [
          0.19806226,
          0.4915188,
          0.96199429,
          0.96199429,
          0.96199429,
          0.96199429,
          0.96199429,
          0.96199429,
          1.25545082,
          1.25545082
        ],
        "largest_3": [
          13.23606798,
          13.23606798,
          13.23606798
        ]
      },
      "Delta4": {
        "smallest_10": [
          0.19806226,
          0.4915188,
          0.96199429,
          0.96199429,
          0.96199429,
          1.25545082,
          1.25545082,
          1.25545082,
          1.32035681,
          1.55495813
        ],
        "largest_3": [
          9.59840781,
          9.59840781,
          9.59840781
        ]
      }
    }
  },
  "F4": {
    "name": "F4",
    "n_vertices": 28,
    "n_interior": 4,
    "n_boundary": 24,
    "n_edges": 195,
    "n_triangles": 552,
    "n_tetrahedra": 672,
    "n_4simplices": 288,
    "dim_H0": 1,
    "dim_H1": 0,
    "dim_H2": 0,
    "dim_H3": 0,
    "dim_H4": 0,
    "rank_d0": 27,
    "rank_d1": 168,
    "rank_d2": 384,
    "rank_d3": 288,
    "betti_check": [
      1,
      0,
      0,
      0,
      0
    ],
    "spectra": {
      "Delta0": {
        "smallest_10": [
          0.0,
          8.0,
          8.0,
          8.0,
          8.0,
          12.0,
          12.0,
          12.0,
          12.0,
          12.0
        ],
        "largest_3": [
          26.0,
          27.41421356,
          28.0
        ]
      },
      "Delta1": {
        "smallest_10": [
          4.58578644,
          4.58578644,
          4.58578644,
          4.58578644,
          5.0,
          5.0,
          5.0,
          5.0,
          5.0,
          5.0
        ],
        "largest_3": [
          27.41421356,
          27.41421356,
          28.0
        ]
      },
      "Delta2": {
        "smallest_10": [
          1.58578644,
          1.58578644,
          1.58578644,
          1.58578644,
          1.58578644,
          1.58578644,
          2.58578644,
          2.58578644,
          2.58578644,
          2.58578644
        ],
        "largest_3": [
          24.58578644,
          26.0,
          27.41421356
        ]
      },
      "Delta3": {
        "smallest_10": [
          0.58578644,
          0.58578644,
          0.58578644,
          0.58578644,
          0.58578644,
          0.58578644,
          0.58578644,
          0.58578644,
          0.58578644,
          0.58578644
        ],
        "largest_3": [
          14.0,
          15.41421356,
          15.41421356
        ]
      },
      "Delta4": {
        "smallest_10": [
          0.58578644,
          0.58578644,
          0.58578644,
          0.58578644,
          0.58578644,
          0.58578644,
          0.58578644,
          0.58578644,
          0.58578644,
          0.58578644
        ],
        "largest_3": [
          11.41421356,
          11.41421356,
          12.41421356
        ]
      }
    }
  },
  "H4": {
    "name": "H4",
    "n_vertices": 16,
    "n_interior": 4,
    "n_boundary": 12,
    "n_edges": 81,
    "n_triangles": 176,
    "n_tetrahedra": 170,
    "n_4simplices": 60,
    "dim_H0": 1,
    "dim_H1": 0,
    "dim_H2": 0,
    "dim_H3": 0,
    "dim_H4": 0,
    "rank_d0": 15,
    "rank_d1": 66,
    "rank_d2": 110,
    "rank_d3": 60,
    "betti_check": [
      1,
      0,
      0,
      0,
      0
    ],
    "spectra": {
      "Delta0": {
        "smallest_10": [
          0.0,
          6.76393202,
          6.76393202,
          6.76393202,
          10.0,
          10.0,
          10.0,
          10.0,
          10.0,
          11.23606798
        ],
        "largest_3": [
          14.0,
          15.41421356,
          16.0
        ]
      },
      "Delta1": {
        "smallest_10": [
          3.34971846,
          3.34971846,
          3.34971846,
          4.76393202,
          4.76393202,
          4.76393202,
          4.76393202,
          4.76393202,
          4.76393202,
          6.0
        ],
        "largest_3": [
          15.41421356,
          15.41421356,
          16.0
        ]
      },
      "Delta2": {
        "smallest_10": [
          1.34971846,
          1.34971846,
          1.34971846,
          2.58578644,
          2.58578644,
          2.58578644,
          2.58578644,
          2.58578644,
          2.76393202,
          2.76393202
        ],
        "largest_3": [
          12.58578644,
          14.0,
          15.41421356
        ]
      },
      "Delta3": {
        "smallest_10": [
          0.58578644,
          1.34971846,
          1.34971846,
          1.34971846,
          1.34971846,
          1.34971846,
          1.34971846,
          2.0,
          2.58578644,
          2.58578644
        ],
        "largest_3": [
          10.65028154,
          10.65028154,
          10.65028154
        ]
      },
      "Delta4": {
        "smallest_10": [
          0.58578644,
          1.34971846,
          1.34971846,
          1.34971846,
          2.0,
          2.58578644,
          2.58578644,
          2.58578644,
          2.58578644,
          2.58578644
        ],
        "largest_3": [
          8.65028154,
          8.65028154,
          8.65028154
        ]
      }
    }
  },
  "no_go_theorem_6": "PROVEN",
  "note": "Reduced model uses simplified boundary (icosahedron/24-cell) and cone-like interior-boundary connections. Full E8 plumbing has b_2=8, but the reduced model cannot resolve the full 4-manifold topology. Results are honest counts for the reduced simplicial complex."
}