{
  "group": "2I = SL(2,F5) = Binary Icosahedral Group",
  "order": 120,
  "n_classes": 9,
  "n_irreps": 9,
  "class_sizes": [
    1,
    1,
    20,
    30,
    12,
    12,
    20,
    12,
    12
  ],
  "class_orders": [
    1,
    2,
    3,
    4,
    5,
    5,
    6,
    10,
    10
  ],
  "class_labels": [
    "1A",
    "2A",
    "3A",
    "4A",
    "5A",
    "5B",
    "6A",
    "10A",
    "10B"
  ],
  "irrep_dims": [
    1,
    2,
    2,
    3,
    3,
    4,
    4,
    5,
    6
  ],
  "irrep_names": [
    "\u03c11(1)",
    "\u03c12(2)",
    "\u03c13(2')",
    "\u03c14(3)",
    "\u03c15(3')",
    "\u03c16(4)",
    "\u03c17(4')",
    "\u03c18(5)",
    "\u03c19(6)"
  ],
  "burnside_sum": 120,
  "burnside_ok": true,
  "row_orthogonality_ok": true,
  "col_orthogonality_ok": true,
  "cg_ok": true,
  "character_table": [
    [
      1.0,
      1.0,
      1.0,
      1.0,
      1.0,
      1.0,
      1.0,
      1.0,
      1.0
    ],
    [
      2.0,
      -2.0,
      -1.0,
      0.0,
      -1.618033988749895,
      0.6180339887498948,
      1.0,
      1.618033988749895,
      -0.6180339887498948
    ],
    [
      2.0,
      -2.0,
      -1.0,
      0.0,
      0.6180339887498948,
      -1.618033988749895,
      1.0,
      -0.6180339887498948,
      1.618033988749895
    ],
    [
      3.0,
      3.0,
      0.0,
      -1.0,
      1.618033988749895,
      -0.6180339887498948,
      0.0,
      1.618033988749895,
      -0.6180339887498948
    ],
    [
      3.0,
      3.0,
      0.0,
      -1.0,
      -0.6180339887498948,
      1.618033988749895,
      0.0,
      -0.6180339887498948,
      1.618033988749895
    ],
    [
      4.0,
      4.0,
      1.0,
      0.0,
      -1.0,
      -1.0,
      1.0,
      -1.0,
      -1.0
    ],
    [
      4.0,
      -4.0,
      1.0,
      0.0,
      -1.0,
      -1.0,
      -1.0,
      1.0,
      1.0
    ],
    [
      5.0,
      5.0,
      -1.0,
      1.0,
      0.0,
      0.0,
      -1.0,
      0.0,
      0.0
    ],
    [
      6.0,
      -6.0,
      0.0,
      0.0,
      1.0,
      1.0,
      0.0,
      -1.0,
      -1.0
    ]
  ],
  "phi": 1.618033988749895,
  "cg_decompositions": {
    "\u03c12(2)\u2297\u03c12(2)": [
      1,
      0,
      0,
      1,
      0,
      0,
      0,
      0,
      0
    ],
    "\u03c12(2)\u2297\u03c13(2')": [
      0,
      0,
      0,
      0,
      0,
      1,
      0,
      0,
      0
    ],
    "\u03c13(2')\u2297\u03c13(2')": [
      1,
      0,
      0,
      0,
      1,
      0,
      0,
      0,
      0
    ],
    "\u03c12(2)\u2297\u03c14(3)": [
      0,
      1,
      0,
      0,
      0,
      0,
      1,
      0,
      0
    ],
    "\u03c12(2)\u2297\u03c15(3')": [
      0,
      0,
      0,
      0,
      0,
      0,
      0,
      0,
      1
    ],
    "\u03c13(2')\u2297\u03c14(3)": [
      0,
      0,
      0,
      0,
      0,
      0,
      0,
      0,
      1
    ],
    "\u03c14(3)\u2297\u03c14(3)": [
      1,
      0,
      0,
      1,
      0,
      0,
      0,
      1,
      0
    ],
    "\u03c14(3)\u2297\u03c15(3')": [
      0,
      0,
      0,
      0,
      0,
      1,
      0,
      1,
      0
    ],
    "\u03c15(3')\u2297\u03c15(3')": [
      1,
      0,
      0,
      0,
      1,
      0,
      0,
      1,
      0
    ],
    "\u03c16(4)\u2297\u03c16(4)": [
      1,
      0,
      0,
      1,
      1,
      1,
      0,
      1,
      0
    ],
    "\u03c16(4)\u2297\u03c17(4')": [
      0,
      0,
      0,
      0,
      0,
      0,
      1,
      0,
      2
    ],
    "\u03c17(4')\u2297\u03c17(4')": [
      1,
      0,
      0,
      1,
      1,
      1,
      0,
      1,
      0
    ],
    "\u03c18(5)\u2297\u03c18(5)": [
      1,
      0,
      0,
      1,
      1,
      2,
      0,
      2,
      0
    ],
    "\u03c12(2)\u2297\u03c18(5)": [
      0,
      0,
      0,
      0,
      0,
      0,
      1,
      0,
      1
    ],
    "\u03c14(3)\u2297\u03c16(4)": [
      0,
      0,
      0,
      0,
      1,
      1,
      0,
      1,
      0
    ],
    "\u03c14(3)\u2297\u03c18(5)": [
      0,
      0,
      0,
      1,
      1,
      1,
      0,
      1,
      0
    ],
    "\u03c18(5)\u2297\u03c16(4)": [
      0,
      0,
      0,
      1,
      1,
      1,
      0,
      2,
      0
    ]
  },
  "physics_conclusion": "2I has 9 irreps: 1,2,2',3,3',4,4',5,6. Burnside: 120=|2I|. Schur's lemma: purely 2I-equivariant D_F is scalar on each isotypic block. Mass hierarchies require explicit 2I-symmetry breaking via Yukawa/Higgs. 2I has no 3-copies of any single irrep \u2014 cannot naturally give 3 generations."
}